João Silva,"Rua das Flores, 123, Centro, São Paulo, SP",12/03/1985,joao.silva1@email.com,(11) 91234-5678
Maria Oliveira,"Av. Brasil, 456, Jardim América, Rio de Janeiro, RJ",25/07/1990,maria.oliveira2@email.com,(21) 99876-5432
Carlos Souza,"Rua A, 789, Boa Vista, Recife, PE",03/11/1978,carlos.souza3@email.com,(81) 98765-4321
Ana Costa,"Rua B, 321, Centro, Salvador, BA",18/05/1982,ana.costa4@email.com,(71) 91234-5678
Pedro Santos,"Av. Paulista, 1000, Bela Vista, São Paulo, SP",30/09/1995,pedro.santos5@email.com,(11) 97654-3210
Fernanda Lima,"Rua C, 654, Copacabana, Rio de Janeiro, RJ",22/12/1988,fernanda.lima6@email.com,(21) 98876-5432
Lucas Almeida,"Rua D, 987, Centro, Belo Horizonte, MG",15/04/1992,lucas.almeida7@email.com,(31) 91234-5678
Juliana Pereira,"Av. E, 222, Centro, Porto Alegre, RS",09/08/1986,juliana.pereira8@email.com,(51) 99876-5432
Rafael Rodrigues,"Rua F, 333, Centro, Curitiba, PR",27/01/1983,rafael.rodrigues9@email.com,(41) 98765-4321
Patricia Martins,"Rua G, 444, Centro, Fortaleza, CE",11/06/1991,patricia.martins10@email.com,(85) 91234-5678
Bruno Carvalho,"Av. H, 555, Centro, Manaus, AM",05/10/1987,bruno.carvalho11@email.com,(92) 99876-5432
Camila Ribeiro,"Rua I, 666, Centro, Goiânia, GO",19/02/1993,camila.ribeiro12@email.com,(62) 98765-4321
Gustavo Fernandes,"Rua J, 777, Centro, Vitória, ES",23/07/1984,gustavo.fernandes13@email.com,(27) 91234-5678
Aline Barros,"Av. K, 888, Centro, Florianópolis, SC",14/11/1989,aline.barros14@email.com,(48) 99876-5432
Eduardo Melo,"Rua L, 999, Centro, João Pessoa, PB",29/03/1977,eduardo.melo15@email.com,(83) 98765-4321
Vanessa Gomes,"Rua M, 101, Centro, Campo Grande, MS",07/05/1981,vanessa.gomes16@email.com,(67) 91234-5678
Rodrigo Teixeira,"Av. N, 202, Centro, Teresina, PI",16/08/1994,rodrigo.teixeira17@email.com,(86) 99876-5432
Larissa Freitas,"Rua O, 303, Centro, Maceió, AL",01/12/1980,larissa.freitas18@email.com,(82) 98765-4321
Felipe Castro,"Rua P, 404, Centro, Belém, PA",13/02/1986,felipe.castro19@email.com,(91) 91234-5678
Tatiane Lopes,"Av. Q, 505, Centro, São Luís, MA",28/06/1992,tatiane.lopes20@email.com,(98) 99876-5432
Leandro Moreira,"Rua R, 606, Centro, Aracaju, SE",17/09/1983,leandro.moreira21@email.com,(79) 98765-4321
Simone Dias,"Rua S, 707, Centro, Palmas, TO",22/01/1987,simone.dias22@email.com,(63) 91234-5678
Marcelo Pinto,"Av. T, 808, Centro, Porto Velho, RO",10/04/1991,marcelo.pinto23@email.com,(69) 99876-5432
Renata Araújo,"Rua U, 909, Centro, Macapá, AP",03/08/1985,renata.araujo24@email.com,(96) 98765-4321
Thiago Cardoso,"Rua V, 111, Centro, Rio Branco, AC",26/11/1979,thiago.cardoso25@email.com,(68) 91234-5678
Sabrina Nunes,"Av. W, 222, Centro, Boa Vista, RR",15/03/1982,sabrina.nunes26@email.com,(95) 99876-5432
Fábio Cunha,"Rua X, 333, Centro, Natal, RN",19/07/1990,fabio.cunha27@email.com,(84) 98765-4321
Carolina Tavares,"Rua Y, 444, Centro, Cuiabá, MT",30/12/1988,carolina.tavares28@email.com,(65) 91234-5678
André Pires,"Av. Z, 555, Centro, São Paulo, SP",21/05/1984,andre.pires29@email.com,(11) 99876-5432
Beatriz Rocha,"Rua AA, 666, Centro, Rio de Janeiro, RJ",02/09/1993,beatriz.rocha30@email.com,(21) 98765-4321
Diego Ramos,"Rua BB, 777, Centro, Recife, PE",13/01/1981,diego.ramos31@email.com,(81) 91234-5678
Priscila Farias,"Av. CC, 888, Centro, Salvador, BA",25/06/1987,priscila.farias32@email.com,(71) 99876-5432
Fernando Borges,"Rua DD, 999, Centro, Belo Horizonte, MG",08/10/1995,fernando.borges33@email.com,(31) 98765-4321
Isabela Duarte,"Rua EE, 101, Centro, Porto Alegre, RS",17/02/1983,isabela.duarte34@email.com,(51) 91234-5678
Vitor Guimarães,"Av. FF, 202, Centro, Curitiba, PR",29/08/1989,vitor.guimaraes35@email.com,(41) 99876-5432
Letícia Monteiro,"Rua GG, 303, Centro, Fortaleza, CE",11/12/1978,leticia.monteiro36@email.com,(85) 98765-4321
Murilo Peixoto,"Rua HH, 404, Centro, Manaus, AM",04/04/1982,murilo.peixoto37@email.com,(92) 91234-5678
Tatiana Sales,"Av. II, 505, Centro, Goiânia, GO",15/09/1991,tatiana.sales38@email.com,(62) 99876-5432
Henrique Barcellos,"Rua JJ, 606, Centro, Vitória, ES",28/01/1986,henrique.barcellos39@email.com,(27) 98765-4321
Amanda Rezende,"Rua KK, 707, Centro, Florianópolis, SC",12/05/1994,amanda.rezende40@email.com,(48) 91234-5678
Ricardo Siqueira,"Av. LL, 808, Centro, João Pessoa, PB",23/10/1980,ricardo.siqueira41@email.com,(83) 99876-5432
Natália Assis,"Rua MM, 909, Centro, Campo Grande, MS",06/03/1988,natalia.assis42@email.com,(67) 98765-4321
Daniela Viana,"Rua NN, 111, Centro, Teresina, PI",18/07/1985,daniela.viana43@email.com,(86) 91234-5678
Alexandre Paiva,"Av. OO, 222, Centro, Maceió, AL",30/11/1992,alexandre.paiva44@email.com,(82) 99876-5432
Sueli Magalhães,"Rua PP, 333, Centro, Belém, PA",09/02/1977,sueli.magalhaes45@email.com,(91) 98765-4321
Cristiano Leite,"Rua QQ, 444, Centro, São Luís, MA",22/06/1983,cristiano.leite46@email.com,(98) 91234-5678
Elaine Brito,"Av. RR, 555, Centro, Aracaju, SE",14/10/1990,elaine.brito47@email.com,(79) 99876-5432
Maurício Fonseca,"Rua SS, 666, Centro, Palmas, TO",27/04/1986,mauricio.fonseca48@email.com,(63) 98765-4321
Viviane Barreto,"Rua TT, 777, Centro, Porto Velho, RO",08/08/1993,viviane.barreto49@email.com,(69) 91234-5678
Paulo Nascimento,"Av. UU, 888, Centro, Macapá, AP",19/12/1981,paulo.nascimento50@email.com,(96) 99876-5432
Sônia Miranda,"Rua VV, 999, Centro, Rio Branco, AC",02/02/1987,sonia.miranda51@email.com,(68) 98765-4321
Renan Figueiredo,"Rua WW, 101, Centro, Boa Vista, RR",16/06/1995,renan.figueiredo52@email.com,(95) 91234-5678
Jéssica Barreiras,"Av. XX, 202, Centro, Natal, RN",29/09/1984,jessica.barreiras53@email.com,(84) 99876-5432
Wellington Reis,"Rua YY, 303, Centro, Cuiabá, MT",05/01/1991,wellington.reis54@email.com,(65) 98765-4321
Monique Dantas,"Rua ZZ, 404, Centro, São Paulo, SP",20/05/1988,monique.dantas55@email.com,(11) 91234-5678
Rogério Bastos,"Av. AAA, 505, Centro, Rio de Janeiro, RJ",13/08/1982,rogerio.bastos56@email.com,(21) 99876-5432
Débora Sampaio,"Rua BBB, 606, Centro, Recife, PE",26/12/1986,debora.sampaio57@email.com,(81) 98765-4321
Samuel Prado,"Rua CCC, 707, Centro, Salvador, BA",09/04/1993,samuel.prado58@email.com,(71) 91234-5678
Vivian Coutinho,"Av. DDD, 808, Centro, Belo Horizonte, MG",22/07/1980,vivian.coutinho59@email.com,(31) 99876-5432
Renato Barreto,"Rua EEE, 909, Centro, Porto Alegre, RS",04/11/1987,renato.barreto60@email.com,(51) 98765-4321
Michele Furtado,"Rua FFF, 111, Centro, Curitiba, PR",18/03/1985,michele.furtado61@email.com,(41) 91234-5678
Otávio Silveira,"Av. GGG, 222, Centro, Fortaleza, CE",31/07/1992,otavio.silveira62@email.com,(85) 99876-5432
Cristina Pacheco,"Rua HHH, 333, Centro, Manaus, AM",15/12/1978,cristina.pacheco63@email.com,(92) 98765-4321
Alessandra Maia,"Rua III, 444, Centro, Goiânia, GO",28/04/1984,alessandra.maia64@email.com,(62) 91234-5678
Guilherme Teles,"Av. JJJ, 555, Centro, Vitória, ES",12/09/1990,guilherme.teles65@email.com,(27) 99876-5432
Paula Vasconcelos,"Rua KKK, 666, Centro, Florianópolis, SC",25/01/1982,paula.vasconcelos66@email.com,(48) 98765-4321
Leonardo Braga,"Rua LLL, 777, Centro, João Pessoa, PB",08/06/1988,leonardo.braga67@email.com,(83) 91234-5678
Marina Figueira,"Av. MMM, 888, Centro, Campo Grande, MS",21/10/1995,marina.figueira68@email.com,(67) 99876-5432
Rafael Amaral,"Rua NNN, 999, Centro, Teresina, PI",03/02/1981,rafael.amaral69@email.com,(86) 98765-4321
Tatiane Moreira,"Rua OOO, 101, Centro, Maceió, AL",16/06/1987,tatiane.moreira70@email.com,(82) 91234-5678
Vinícius Lopes,"Av. PPP, 202, Centro, Belém, PA",29/11/1993,vinicius.lopes71@email.com,(91) 99876-5432
Helena Castro,"Rua QQQ, 303, Centro, São Luís, MA",12/03/1980,helena.castro72@email.com,(98) 98765-4321
Rodrigo Farias,"Rua RRR, 404, Centro, Aracaju, SE",25/07/1986,rodrigo.farias73@email.com,(79) 91234-5678
Luana Martins,"Av. SSS, 505, Centro, Palmas, TO",08/12/1991,luana.martins74@email.com,(63) 99876-5432
Anderson Nogueira,"Rua TTT, 606, Centro, Porto Velho, RO",21/05/1983,anderson.nogueira75@email.com,(69) 98765-4321
Patrícia Souza,"Rua UUU, 707, Centro, Macapá, AP",03/09/1989,patricia.souza76@email.com,(96) 91234-5678
César Lima,"Av. VVV, 808, Centro, Rio Branco, AC",16/01/1977,cesar.lima77@email.com,(68) 99876-5432
Gabriela Duarte,"Rua WWW, 909, Centro, Boa Vista, RR",29/04/1985,gabriela.duarte78@email.com,(95) 98765-4321
Renato Costa,"Rua XXX, 111, Centro, Natal, RN",12/08/1992,renato.costa79@email.com,(84) 91234-5678
Júlia Barros,"Av. YYY, 222, Centro, Cuiabá, MT",25/12/1988,julia.barros80@email.com,(65) 99876-5432
Fábio Almeida,"Rua ZZZ, 333, Centro, São Paulo, SP",07/06/1984,fabio.almeida81@email.com,(11) 98765-4321
Carla Ferreira,"Rua AAAA, 444, Centro, Rio de Janeiro, RJ",20/10/1990,carla.ferreira82@email.com,(21) 91234-5678
Roberto Lima,"Av. BBBB, 555, Centro, Recife, PE",02/02/1982,roberto.lima83@email.com,(81) 99876-5432
Tatiane Mendes,"Rua CCCC, 666, Centro, Salvador, BA",15/07/1987,tatiane.mendes84@email.com,(71) 98765-4321
Felipe Rocha,"Rua DDDD, 777, Centro, Belo Horizonte, MG",28/11/1995,felipe.rocha85@email.com,(31) 91234-5678
Amanda Souza,"Av. EEEE, 888, Centro, Porto Alegre, RS",11/03/1981,amanda.souza86@email.com,(51) 99876-5432
Gustavo Martins,"Rua FFFF, 999, Centro, Curitiba, PR",24/08/1988,gustavo.martins87@email.com,(41) 98765-4321
Priscila Lima,"Rua GGGG, 101, Centro, Fortaleza, CE",07/12/1984,priscila.lima88@email.com,(85) 91234-5678
Rafael Tavares,"Av. HHHH, 202, Centro, Manaus, AM",20/05/1991,rafael.tavares89@email.com,(92) 99876-5432
Carolina Borges,"Rua IIII, 303, Centro, Goiânia, GO",02/09/1987,carolina.borges90@email.com,(62) 98765-4321
André Duarte,"Rua JJJJ, 404, Centro, Vitória, ES",16/01/1983,andre.duarte91@email.com,(27) 91234-5678
Beatriz Cardoso,"Av. KKKK, 505, Centro, Florianópolis, SC",29/06/1990,beatriz.cardoso92@email.com,(48) 99876-5432
Diego Monteiro,"Rua LLLL, 606, Centro, João Pessoa, PB",12/10/1982,diego.monteiro93@email.com,(83) 98765-4321
Priscila Ramos,"Rua MMMM, 707, Centro, Campo Grande, MS",25/03/1986,priscila.ramos94@email.com,(67) 91234-5678
Fernando Lima,"Av. NNNN, 808, Centro, Teresina, PI",08/07/1993,fernando.lima95@email.com,(86) 99876-5432
Isabela Souza,"Rua OOOO, 909, Centro, Maceió, AL",21/11/1980,isabela.souza96@email.com,(82) 98765-4321
Vitor Rocha,"Rua PPPP, 111, Centro, Belém, PA",04/04/1988,vitor.rocha97@email.com,(91) 91234-5678
Letícia Cunha,"Av. QQQQ, 222, Centro, São Luís, MA",17/09/1984,leticia.cunha98@email.com,(98) 99876-5432
Murilo Duarte,"Rua RRRR, 333, Centro, Aracaju, SE",28/02/1991,murilo.duarte99@email.com,(79) 98765-4321
Tatiana Almeida,"Rua SSSS, 444, Centro, Palmas, TO",11/06/1985,tatiana.almeida100@email.com,(63) 91234-5678